date_logged,url,author,likes,claim,matched_slug_or_NEW,status,verdict
2026-10-09,https://x.com/Rothmus/status/2104310814370926972,Rothmus,16661,ARG monthly CPI fell 25.5% (Dec-23) -> 1.7% (Aug-26) because money printing stopped,NEW:argentina_monthly_cpi_25pct_to_under_2pct_2023_2026 + existing milei_reforms_reduce_argentine_inflation (rerun),run,SUPPORTED (25.5%->1.7% m/m; y/y still 33.5%); existing prereg card rerun SUPPORTED 3/3
2026-10-09,https://x.com/elonmusk/status/2104385138545365067,elonmusk,108000,'Bravo @JMilei' (Argentina disinflation),milei_reforms_reduce_argentine_inflation,matched,SUPPORTED (rerun)
2026-10-09,https://x.com/MartinDandach/status/2104389560658456823,MartinDandach,5719,Milei: exclude fuel and food and inflation looks fine (core flatters),NEW:argentina_core_vs_headline_inflation_2025_2026,run,PARTIAL: core 2.36% vs headline 2.37% m/m (gap +0.01pp); regulated +0.41pp above core
2026-10-09,https://x.com/clashreport/status/2103408772064424010,clashreport,267,ARG poverty 32.3% H1-2026 up from 28.2%,milei_shock_therapy_poverty_and_real_wage_effect,matched_data_gated,INCONCLUSIVE (indec:eph_pobreza missing)
2026-10-09,https://x.com/RodDMartin/status/2104915033197088962,RodDMartin,5909,Record US household income / record-low poverty,none,unchecked,needs Census CPS ASEC fetcher
2026-10-09,https://x.com/WhiteHouse/status/2103667424415359235,WhiteHouse,9248,Record US household income / record-low poverty,none,unchecked,needs Census CPS ASEC fetcher
2026-10-09,https://x.com/RapidResponse47/status/2107258109387260252,RapidResponse47,1161,Record US household income / record-low poverty,none,unchecked,needs Census CPS ASEC fetcher
2026-10-09,https://x.com/ag_dwf/status/2106596051335762130,ag_dwf,472,Argentina/Milei economic claim (see claims_scratch.md),milei_* cards,matched,see milei cards
2026-10-09,https://x.com/River/status/2105680580830740797,River,3543,Official CPI understates currency debasement,fiat_expansion_erodes_currency_purchasing_power_long_run,matched,SUPPORTED 7/7
2026-10-09,https://x.com/Peter_thoc/status/2105269428011012402,Peter_thoc,240,Money printing / debasement,fiat_expansion_erodes_currency_purchasing_power_long_run,matched,SUPPORTED 7/7
2026-10-09,https://x.com/saikatc/status/2107507233152233720,saikatc,27225,California 5% billionaire wealth tax will drive out the rich,wealth_tax_capital_flight_avoidance,matched,PARTIAL (p=0.33)
2026-10-09,https://x.com/kelvmackenzie/status/2106483231717728628,kelvmackenzie,6285,UK wealthy exodus after tax changes,wealth_tax_capital_flight_avoidance,matched,PARTIAL
2026-10-09,https://x.com/ricardogorski/status/2103339779458752546,ricardogorski,1887,Wealth tax / capital flight,wealth_tax_capital_flight_avoidance,matched,PARTIAL
2026-10-09,https://x.com/nayibbukele/status/2104018288057401510,nayibbukele,8706,El Salvador tourism best performer in the Americas,el_salvador_bukele_security_growth_equilibrium_2019_2026,matched,SUPPORTED 4/6 (tourism metric not tested)
2026-10-09,https://x.com/warDaniel47/status/2103910049710014680,warDaniel47,5638,Bukele: homicides down >98%; 8% of GDP to education,bukele_mass_incarceration_homicide_impact_2019_2024,matched,PARTIAL
2026-10-09,https://x.com/MarioNawfal/status/2104790775951425608,MarioNawfal,1429,El Salvador homicide rate 1.3 per 100k,bukele_mass_incarceration_homicide_impact_2019_2024,matched,PARTIAL
2026-10-09,https://x.com/Handre/status/2103135617815375925,Handre,1011,"Sweden 1990s: GDP contracted 3 years, unemployment ~12%",NEW:sweden_1990s_crisis_three_year_contraction_12pct_unemployment,run,SUPPORTED: GDP -1.1/-1.1/-1.8% 1991-93; peak LUR 11.2% (1993)
2026-10-09,https://x.com/NorvellTommy/status/2103467945619804482,NorvellTommy,5167,Somalis in Sweden >85% on benefits,immigration_net_fiscal_contribution_by_origin_skill_duration,matched,origin-level benefit share not tested
2026-10-09,https://x.com/WhiteHouse/status/2108219014828949915,WhiteHouse,15925,Border secured / crackdown helps American workers,NEW:us_southwest_border_encounters_collapse_fy2026 + NEW:border_closure_raises_low_wage_growth_2025_2026,run,Encounters SUPPORTED (-94.2% vs FY23); low-wage gain REFUTED
2026-10-09,https://x.com/VP/status/2104269134741831909,VP,19616,H-1B/immigration suppresses American wages,NEW:border_closure_raises_low_wage_growth_2025_2026,run,REFUTED (bottom-quartile wage growth 6.2%->3.6%; gap vs top -1.53pp)
2026-10-09,https://x.com/realBrandonGill/status/2103498546498396549,realBrandonGill,23851,No labor shortage; immigration undercuts wages,NEW:border_closure_raises_low_wage_growth_2025_2026,run,REFUTED
2026-10-09,https://x.com/WallStreetMav/status/2108511033698763179,WallStreetMav,1295,H-1B wages / no labor shortage,NEW:border_closure_raises_low_wage_growth_2025_2026,run,REFUTED
2026-10-09,https://x.com/andyburnham/status/2106335675083538860,andyburnham,8277,UK energy costs among highest in Europe due to privatisation,eurostat_electricity_price_inflation_pass_through,matched_partial,privatisation causality untested
2026-10-09,https://x.com/7Kiwi/status/2106351226707132729,7Kiwi,777,Net zero/renewables drive bills up,NEW:us_state_wind_solar_share_vs_residential_price_2010_2025,run,INCONCLUSIVE: -0.19c/kWh per +10pp (p=0.41)
2026-10-09,https://x.com/TiceRichard/status/2106413483265085464,TiceRichard,775,Net zero drives bills up,NEW:us_state_wind_solar_share_vs_residential_price_2010_2025,run,INCONCLUSIVE
2026-10-09,https://x.com/zatzi/status/2106364678418968683,zatzi,914,Net zero drives bills up,NEW:us_state_wind_solar_share_vs_residential_price_2010_2025,run,INCONCLUSIVE
2026-10-09,https://x.com/triffic_stuff_/status/2106358823799644195,triffic_stuff_,855,Energy bills / net zero,NEW:us_state_wind_solar_share_vs_residential_price_2010_2025,run,INCONCLUSIVE
2026-10-09,https://x.com/Fink_Money/status/2103807385538085024,Fink_Money,1450,Energy/inflation claim (see claims_scratch.md),eurostat_electricity_price_inflation_pass_through,matched,SUPPORTED
2026-10-09,https://x.com/mattjcan/status/2103667486931710324,mattjcan,787,Energy prices claim (see claims_scratch.md),eurostat_electricity_price_inflation_pass_through,matched,SUPPORTED
2026-10-09,https://x.com/dlacalle_IA/status/2106401506521907314,dlacalle_IA,108,Germany renewables raised electricity prices (below 200-like bar),NEW:germany_wind_solar_share_lowers_wholesale_price,run,Merit-order SUPPORTED: +10pp wind+solar -> -23.8 EUR/MWh (p=0.009)
2026-10-09,https://x.com/KobeissiLetter/status/2107617937142014334,KobeissiLetter,1324,US Information-sector employment lowest since 2014,FACTCHECK:factcheck_kobeissi_information_jobs_lowest_since_2014 (not pre-registered),run,"PARTIAL: Sep-26 2,739k (prelim) is lowest ex-pandemic since Mar-2015 (2,737k); literally false since Dec-2020 was 2,712k; -12.1% from Nov-22 peak"
2026-10-09,https://x.com/johnnymaga/status/2103521041616183573,johnnymaga,4192,US-China trade deficit down 45%,trade_lib_trump_china_tariffs_2018_2024,matched,"SUPPORTED (ratio 0.416, 2018-24)"
2026-10-09,https://x.com/charliebilello/status/2107522739238011347,charliebilello,1448,US goods deficit up 8%,trump_tariff_manufacturing_reshoring_effect,matched,INCONCLUSIVE
2026-10-09,https://x.com/RapidResponse47/status/2105782019036754014,RapidResponse47,1252,"+60k manufacturing jobs, record exports",NEW:us_manufacturing_jobs_change_since_jan_2025,run,Since Jan-25 -21k (counter-claim SUPPORTED); but +72k since Dec-25 (prelim)
2026-10-09,https://x.com/OANN/status/2105814141344821681,OANN,435,Manufacturing job gains,NEW:us_manufacturing_jobs_change_since_jan_2025,run,see above
2026-10-09,https://x.com/RMConservative/status/2105347801118855340,RMConservative,228,Manufacturing jobs down since Jan 2025,NEW:us_manufacturing_jobs_change_since_jan_2025,run,SUPPORTED (borderline -21k vs -20k)
2026-10-09,https://x.com/LeadingReport/status/2106846970304192891,LeadingReport,4391,Seattle $22.14 minimum wage killing restaurant jobs,NEW:seattle_minimum_wage_restaurant_employment_2025_2026,run,SUPPORTED: Seattle MSA food-service jobs mean y/y -0.74% vs US +0.63% (Jan25-Aug26); Aug-26 +1.2% y/y
2026-10-09,https://x.com/amuse/status/2106036734106685869,amuse,865,Seattle minimum wage job losses,NEW:seattle_minimum_wage_restaurant_employment_2025_2026,run,SUPPORTED
2026-10-09,https://x.com/jmhorp/status/2106401566886637628,jmhorp,153,Denmark/Finland beat US on economic freedom (below bar),none,unchecked,needs Fraser/Heritage fetcher
2026-10-09,https://x.com/Rothmus/status/2105696712777929003,Rothmus,183,Argentina rents fell after rental-law repeal (below bar),rent_control_housing_supply_destruction_panel,matched_data_gated,no ARG rent series
2026-10-09,https://x.com/wander_investor/status/2108080210197299275,wander_investor,48,El Salvador lowest investment in Central America (below bar),NEW:el_salvador_investment_and_growth_vs_central_america_2019_2025,run,PARTIAL: inv/GDP 21.4% rank 5/7; growth 2.75% vs peer median 3.65%
